canonical_work,category,unit,region,price,source
Входная дверь,Двери,шт,Регион,162.0,https://nsk.365rem.ru/ceni-na-otdelochnie-raboti.asp
Грунтовка,Стены,м2,Москва,100.0,https://titanremont.ru/price
Грунтовка,Стены,м2,Москва,100.0,https://titanremont.ru/price
Грунтовка,Стены,м2,Москва,100.0,https://titanremont.ru/price
Грунтовка,Стены,м2,Москва,85.0,https://kronotech.ru/prays-shtukaturka-sten
Грунтовка,Стены,,Москва,85.0,https://kronotech.ru/prays-shtukaturka-sten
Грунтовка,Стены,м2,Москва,55.0,https://kronotech.ru/prays-shtukaturka-sten
Грунтовка,Стены,м2,Москва,115.0,https://kronotech.ru/prays-shtukaturka-sten
Грунтовка,Стены,м2,Москва,175.0,https://kronotech.ru/prays-shtukaturka-sten
Грунтовка,Стены,мп,Москва,145.0,https://kronotech.ru/prays-shtukaturka-sten
Грунтовка,Стены,м2,Москва,65.0,https://kronotech.ru/prays-shtukaturka-sten
Грунтовка,Стены,м2,Москва,115.0,https://kronotech.ru/prays-shtukaturka-sten
Грунтовка,Стены,м2,Москва,80.0,https://kronotech.ru/prays-shtukaturka-sten
Грунтовка,Стены,м2,Регион,50.0,https://remont-nsk54.ru/prajs_list
Грунтовка,Стены,м2,Регион,50.0,https://remont-nsk54.ru/prajs_list
Грунтовка,Стены,м2,Регион,550.0,https://nsk.365rem.ru/ceni-na-otdelochnie-raboti.asp
Грунтовка,Стены,м2,Регион,95.0,https://nsk.365rem.ru/ceni-na-otdelochnie-raboti.asp
Грунтовка,Стены,м2,Регион,410.0,https://nsk.365rem.ru/ceni-na-otdelochnie-raboti.asp
Грунтовка,Стены,м2,Регион,150.0,https://remo154.ru/price_otdelka.php
Грунтовка,Стены,м2,Регион,200.0,https://remo154.ru/price_otdelka.php
Грунтовка,Стены,,Регион,40.0,https://mastercity54.ru/prices/
Грунтовка,Стены,,Регион,50.0,https://mastercity54.ru/prices/
Грунтовка,Стены,,Регион,40.0,https://mastercity54.ru/prices/
Грунтовка,Стены,,Регион,40.0,https://mastercity54.ru/prices/
Грунтовка,Стены,,Регион,150.0,https://mastercity54.ru/prices/
Грунтовка,Стены,,Регион,40.0,https://mastercity54.ru/prices/
Грунтовка,Стены,м2,Регион,80.0,https://printsipremonta.ru/prais-list/
Грунтовка,Стены,м2,Регион,80.0,https://printsipremonta.ru/prais-list/
Грунтовка,Стены,м2,Регион,200.0,https://printsipremonta.ru/prais-list/
Грунтовка,Стены,м2,Регион,80.0,https://printsipremonta.ru/prais-list/
Грунтовка,Стены,мп,Регион,650.0,https://printsipremonta.ru/prais-list/
Грунтовка,Стены,мп,Регион,550.0,https://printsipremonta.ru/prais-list/
Грунтовка,Стены,мп,Регион,550.0,https://printsipremonta.ru/prais-list/
Грунтовка,Стены,мп,Регион,450.0,https://printsipremonta.ru/prais-list/
Грунтовка,Стены,мп,Регион,150.0,https://printsipremonta.ru/prais-list/
Грунтовка,Стены,мп,Регион,120.0,https://printsipremonta.ru/prais-list/
Грунтовка,Стены,мп,Регион,600.0,https://printsipremonta.ru/prais-list/
Грунтовка,Стены,мп,Регион,450.0,https://printsipremonta.ru/prais-list/
Грунтовка,Стены,мп,Регион,450.0,https://printsipremonta.ru/prais-list/
Грунтовка,Стены,мп,Регион,450.0,https://printsipremonta.ru/prais-list/
Демонтаж обоев,Демонтаж,м2,Москва,120.0,https://titanremont.ru/price
Демонтаж обоев,Демонтаж,м2,Москва,120.0,https://titanremont.ru/price
Демонтаж обоев,Демонтаж,м2,Москва,200.0,https://titanremont.ru/price
Демонтаж обоев,Демонтаж,м2,Регион,80.0,https://remont-nsk54.ru/prajs_list
Демонтаж обоев,Демонтаж,м2,Регион,50.0,https://nsk.365rem.ru/ceni-na-otdelochnie-raboti.asp
Демонтаж обоев,Демонтаж,м2,Регион,150.0,https://remo154.ru/price_otdelka.php
Демонтаж обоев,Демонтаж,м2,Регион,100.0,https://remo154.ru/price_otdelka.php
Демонтаж обоев,Демонтаж,,Регион,120.0,https://mastercity54.ru/prices/
Демонтаж обоев,Демонтаж,,Регион,100.0,https://mastercity54.ru/prices/
Демонтаж обоев,Демонтаж,м2,Регион,150.0,https://printsipremonta.ru/prais-list/
Демонтаж обоев,Демонтаж,м2,Регион,200.0,https://printsipremonta.ru/prais-list/
Демонтаж перегородки,Демонтаж,м2,Москва,200.0,https://titanremont.ru/price
Демонтаж перегородки,Демонтаж,м2,Москва,250.0,https://titanremont.ru/price
Демонтаж перегородки,Демонтаж,м2,Москва,350.0,https://titanremont.ru/price
Демонтаж перегородки,Демонтаж,м2,Москва,160.0,https://titanremont.ru/price
Демонтаж перегородки,Демонтаж,м2,Регион,250.0,https://remont-nsk54.ru/prajs_list
Демонтаж перегородки,Демонтаж,м2,Регион,250.0,https://remont-nsk54.ru/prajs_list
Демонтаж перегородки,Демонтаж,м2,Регион,350.0,https://remont-nsk54.ru/prajs_list
Демонтаж перегородки,Демонтаж,м2,Регион,450.0,https://remont-nsk54.ru/prajs_list
Демонтаж перегородки,Демонтаж,м2,Регион,350.0,https://remont-nsk54.ru/prajs_list
Демонтаж перегородки,Демонтаж,м2,Регион,350.0,https://nsk.365rem.ru/ceni-na-otdelochnie-raboti.asp
Демонтаж перегородки,Демонтаж,м2,Регион,800.0,https://nsk.365rem.ru/ceni-na-otdelochnie-raboti.asp
Демонтаж перегородки,Демонтаж,м2,Регион,200.0,https://nsk.365rem.ru/ceni-na-otdelochnie-raboti.asp
Демонтаж перегородки,Демонтаж,м2,Регион,400.0,https://nsk.365rem.ru/ceni-na-otdelochnie-raboti.asp
Демонтаж перегородки,Демонтаж,м2,Регион,700.0,https://nsk.365rem.ru/ceni-na-otdelochnie-raboti.asp
Демонтаж перегородки,Демонтаж,м2,Регион,950.0,https://nsk.365rem.ru/ceni-na-otdelochnie-raboti.asp
Демонтаж перегородки,Демонтаж,м2,Регион,120.0,https://nsk.365rem.ru/ceni-na-otdelochnie-raboti.asp
Демонтаж перегородки,Демонтаж,м2,Регион,135.0,https://nsk.365rem.ru/ceni-na-otdelochnie-raboti.asp
Демонтаж перегородки,Демонтаж,шт,Регион,137.0,https://nsk.365rem.ru/ceni-na-otdelochnie-raboti.asp
Демонтаж перегородки,Демонтаж,м2,Регион,400.0,https://remo154.ru/price_otdelka.php
Демонтаж перегородки,Демонтаж,м2,Регион,250.0,https://remo154.ru/price_otdelka.php
Демонтаж перегородки,Демонтаж,м2,Регион,800.0,https://remo154.ru/price_otdelka.php
Демонтаж перегородки,Демонтаж,шт,Регион,135.0,https://mastercity54.ru/prices/
Демонтаж перегородки,Демонтаж,,Регион,100.0,https://mastercity54.ru/prices/
Демонтаж перегородки,Демонтаж,,Регион,160.0,https://mastercity54.ru/prices/
Демонтаж перегородки,Демонтаж,,Регион,400.0,https://mastercity54.ru/prices/
Демонтаж перегородки,Демонтаж,,Регион,600.0,https://mastercity54.ru/prices/
Демонтаж перегородки,Демонтаж,,Регион,200.0,https://mastercity54.ru/prices/
Демонтаж перегородки,Демонтаж,,Регион,160.0,https://mastercity54.ru/prices/
Демонтаж перегородки,Демонтаж,,Регион,160.0,https://mastercity54.ru/prices/
Демонтаж перегородки,Демонтаж,,Регион,500.0,https://mastercity54.ru/prices/
Демонтаж перегородки,Демонтаж,,Регион,160.0,https://mastercity54.ru/prices/
Демонтаж перегородки,Демонтаж,м2,Регион,650.0,https://printsipremonta.ru/prais-list/
Демонтаж перегородки,Демонтаж,м2,Регион,450.0,https://printsipremonta.ru/prais-list/
Демонтаж плитки,Демонтаж,м2,Москва,200.0,https://titanremont.ru/price
Демонтаж плитки,Демонтаж,м2,Москва,120.0,https://titanremont.ru/price
Демонтаж плитки,Демонтаж,м2,Москва,120.0,https://titanremont.ru/price
Демонтаж плитки,Демонтаж,м2,Москва,120.0,https://titanremont.ru/price
Демонтаж плитки,Демонтаж,м2,Регион,110.0,https://nsk.365rem.ru/ceni-na-otdelochnie-raboti.asp
Демонтаж плитки,Демонтаж,м2,Регион,150.0,https://nsk.365rem.ru/ceni-na-otdelochnie-raboti.asp
Демонтаж плитки,Демонтаж,м2,Регион,95.0,https://nsk.365rem.ru/ceni-na-otdelochnie-raboti.asp
Демонтаж плитки,Демонтаж,м2,Регион,250.0,https://remo154.ru/price_otdelka.php
Демонтаж плитки,Демонтаж,,Регион,80.0,https://mastercity54.ru/prices/
Демонтаж плитки,Демонтаж,,Регион,150.0,https://mastercity54.ru/prices/
Демонтаж плитки,Демонтаж,,Регион,150.0,https://mastercity54.ru/prices/
Демонтаж плитки,Демонтаж,,Регион,30.0,https://mastercity54.ru/prices/
Демонтаж плитки,Демонтаж,,Регион,150.0,https://mastercity54.ru/prices/
Демонтаж плитки,Демонтаж,м2,Регион,50.0,https://printsipremonta.ru/prais-list/
Демонтаж пола,Демонтаж,м2,Москва,100.0,https://titanremont.ru/price
Демонтаж пола,Демонтаж,м2,Москва,120.0,https://titanremont.ru/price
Демонтаж пола,Демонтаж,м2,Москва,180.0,https://titanremont.ru/price
Демонтаж пола,Демонтаж,м2,Москва,180.0,https://titanremont.ru/price
Демонтаж пола,Демонтаж,м2,Москва,200.0,https://titanremont.ru/price
Демонтаж пола,Демонтаж,м2,Москва,250.0,https://titanremont.ru/price
Демонтаж пола,Демонтаж,м2,Москва,300.0,https://titanremont.ru/price
Демонтаж пола,Демонтаж,м2,Москва,500.0,https://stroyremdizayn.ru/cena-remonta-i-otdelki-kvartir-pod-klyuch/
Демонтаж пола,Демонтаж,м2,Регион,450.0,https://remont-nsk54.ru/prajs_list
Демонтаж пола,Демонтаж,м2,Регион,75.0,https://remont-nsk54.ru/prajs_list
Демонтаж пола,Демонтаж,м2,Регион,350.0,https://remont-nsk54.ru/prajs_list
Демонтаж пола,Демонтаж,м2,Регион,140.0,https://remont-nsk54.ru/prajs_list
Демонтаж пола,Демонтаж,,Регион,400.0,https://remont-nsk54.ru/prajs_list
Демонтаж пола,Демонтаж,м2,Регион,93.0,https://nsk.365rem.ru/ceni-na-otdelochnie-raboti.asp
Демонтаж пола,Демонтаж,м2,Регион,96.0,https://nsk.365rem.ru/ceni-na-otdelochnie-raboti.asp
Демонтаж пола,Демонтаж,м2,Регион,97.0,https://nsk.365rem.ru/ceni-na-otdelochnie-raboti.asp
Демонтаж пола,Демонтаж,м2,Регион,98.0,https://nsk.365rem.ru/ceni-na-otdelochnie-raboti.asp
Демонтаж пола,Демонтаж,м2,Регион,99.0,https://nsk.365rem.ru/ceni-na-otdelochnie-raboti.asp
Демонтаж пола,Демонтаж,м2,Регион,250.0,https://remo154.ru/price_otdelka.php
Демонтаж пола,Демонтаж,м2,Регион,200.0,https://remo154.ru/price_otdelka.php
Демонтаж пола,Демонтаж,м2,Регион,350.0,https://remo154.ru/price_otdelka.php
Демонтаж пола,Демонтаж,м2,Регион,500.0,https://remo154.ru/price_otdelka.php
Демонтаж пола,Демонтаж,м2,Регион,500.0,https://remo154.ru/price_otdelka.php
Демонтаж пола,Демонтаж,м2,Регион,500.0,https://remo154.ru/price_otdelka.php
Демонтаж пола,Демонтаж,м2,Регион,200.0,https://remo154.ru/price_otdelka.php
Демонтаж пола,Демонтаж,м2,Регион,300.0,https://remo154.ru/price_otdelka.php
Демонтаж пола,Демонтаж,мп,Регион,100.0,https://remo154.ru/price_otdelka.php
Демонтаж пола,Демонтаж,,Регион,300.0,https://mastercity54.ru/prices/
Демонтаж пола,Демонтаж,,Регион,200.0,https://mastercity54.ru/prices/
Демонтаж пола,Демонтаж,,Регион,60.0,https://mastercity54.ru/prices/
Демонтаж пола,Демонтаж,,Регион,100.0,https://mastercity54.ru/prices/
Демонтаж пола,Демонтаж,,Регион,60.0,https://mastercity54.ru/prices/
Демонтаж пола,Демонтаж,,Регион,100.0,https://mastercity54.ru/prices/
Демонтаж пола,Демонтаж,,Регион,60.0,https://mastercity54.ru/prices/
Демонтаж пола,Демонтаж,,Регион,150.0,https://mastercity54.ru/prices/
Демонтаж пола,Демонтаж,,Регион,180.0,https://mastercity54.ru/prices/
Демонтаж пола,Демонтаж,,Регион,250.0,https://mastercity54.ru/prices/
Демонтаж пола,Демонтаж,,Регион,250.0,https://mastercity54.ru/prices/
Демонтаж пола,Демонтаж,,Регион,40.0,https://mastercity54.ru/prices/
Демонтаж пола,Демонтаж,,Регион,65.0,https://mastercity54.ru/prices/
Демонтаж пола,Демонтаж,,Регион,200.0,https://mastercity54.ru/prices/
Демонтаж пола,Демонтаж,м2,Регион,150.0,https://printsipremonta.ru/prais-list/
Демонтаж пола,Демонтаж,м2,Регион,350.0,https://printsipremonta.ru/prais-list/
Демонтаж пола,Демонтаж,м2,Регион,500.0,https://printsipremonta.ru/prais-list/
Демонтаж потолка,Демонтаж,м2,Москва,200.0,https://titanremont.ru/price
Демонтаж потолка,Демонтаж,мп,Москва,100.0,https://titanremont.ru/price
Демонтаж потолка,Демонтаж,м2,Москва,150.0,https://titanremont.ru/price
Демонтаж потолка,Демонтаж,м2,Москва,100.0,https://titanremont.ru/price
Демонтаж потолка,Демонтаж,м2,Москва,120.0,https://titanremont.ru/price
Демонтаж потолка,Демонтаж,м2,Москва,170.0,https://titanremont.ru/price
Демонтаж потолка,Демонтаж,м2,Москва,220.0,https://titanremont.ru/price
Демонтаж потолка,Демонтаж,м2,Москва,200.0,https://titanremont.ru/price
Демонтаж потолка,Демонтаж,м2,Регион,350.0,https://remont-nsk54.ru/prajs_list
Демонтаж потолка,Демонтаж,м2,Регион,300.0,https://remont-nsk54.ru/prajs_list
Демонтаж потолка,Демонтаж,м2,Регион,300.0,https://remont-nsk54.ru/prajs_list
Демонтаж потолка,Демонтаж,м2,Регион,200.0,https://nsk.365rem.ru/ceni-na-otdelochnie-raboti.asp
Демонтаж потолка,Демонтаж,м2,Регион,50.0,https://nsk.365rem.ru/ceni-na-otdelochnie-raboti.asp
Демонтаж потолка,Демонтаж,мп,Регион,80.0,https://nsk.365rem.ru/ceni-na-otdelochnie-raboti.asp
Демонтаж потолка,Демонтаж,м2,Регион,80.0,https://nsk.365rem.ru/ceni-na-otdelochnie-raboti.asp
Демонтаж потолка,Демонтаж,м2,Регион,300.0,https://remo154.ru/price_otdelka.php
Демонтаж потолка,Демонтаж,мп,Регион,100.0,https://remo154.ru/price_otdelka.php
Демонтаж потолка,Демонтаж,м2,Регион,350.0,https://remo154.ru/price_otdelka.php
Демонтаж потолка,Демонтаж,м2,Регион,600.0,https://remo154.ru/price_otdelka.php
Демонтаж потолка,Демонтаж,,Регион,80.0,https://mastercity54.ru/prices/
Демонтаж потолка,Демонтаж,,Регион,80.0,https://mastercity54.ru/prices/
Демонтаж потолка,Демонтаж,,Регион,50.0,https://mastercity54.ru/prices/
Демонтаж потолка,Демонтаж,,Регион,100.0,https://mastercity54.ru/prices/
Демонтаж потолка,Демонтаж,,Регион,80.0,https://mastercity54.ru/prices/
Демонтаж потолка,Демонтаж,,Регион,150.0,https://mastercity54.ru/prices/
Демонтаж потолка,Демонтаж,,Регион,150.0,https://mastercity54.ru/prices/
Демонтаж потолка,Демонтаж,,Регион,160.0,https://mastercity54.ru/prices/
Демонтаж потолка,Демонтаж,,Регион,50.0,https://mastercity54.ru/prices/
Демонтаж потолка,Демонтаж,,Регион,600.0,https://mastercity54.ru/prices/
Демонтаж потолка,Демонтаж,м2,Регион,150.0,https://printsipremonta.ru/prais-list/
Демонтаж прочее,Демонтаж,м2,Москва,150.0,https://titanremont.ru/price
Демонтаж прочее,Демонтаж,м2,Москва,200.0,https://titanremont.ru/price
Демонтаж прочее,Демонтаж,м2,Москва,180.0,https://titanremont.ru/price
Демонтаж прочее,Демонтаж,м2,Москва,300.0,https://titanremont.ru/price
Демонтаж прочее,Демонтаж,м2,Москва,250.0,https://titanremont.ru/price
Демонтаж прочее,Демонтаж,м2,Москва,250.0,https://titanremont.ru/price
Демонтаж прочее,Демонтаж,мп,Москва,100.0,https://titanremont.ru/price
Демонтаж прочее,Демонтаж,м2,Москва,100.0,https://titanremont.ru/price
Демонтаж прочее,Демонтаж,м2,Москва,100.0,https://titanremont.ru/price
Демонтаж прочее,Демонтаж,мп,Москва,80.0,https://titanremont.ru/price
Демонтаж прочее,Демонтаж,мп,Москва,300.0,https://titanremont.ru/price
Демонтаж прочее,Демонтаж,м2,Москва,100.0,https://titanremont.ru/price
Демонтаж прочее,Демонтаж,м2,Москва,160.0,https://titanremont.ru/price
Демонтаж прочее,Демонтаж,м2,Москва,100.0,https://titanremont.ru/price
Демонтаж прочее,Демонтаж,м2,Москва,200.0,https://titanremont.ru/price
Демонтаж прочее,Демонтаж,м2,Москва,250.0,https://titanremont.ru/price
Демонтаж прочее,Демонтаж,м2,Москва,200.0,https://titanremont.ru/price
Демонтаж прочее,Демонтаж,м2,Москва,250.0,https://titanremont.ru/price
Демонтаж прочее,Демонтаж,м2,Москва,350.0,https://titanremont.ru/price
Демонтаж прочее,Демонтаж,м2,Москва,100.0,https://titanremont.ru/price
Демонтаж прочее,Демонтаж,м2,Москва,40.0,https://titanremont.ru/price
Демонтаж прочее,Демонтаж,м2,Москва,80.0,https://titanremont.ru/price
Демонтаж прочее,Демонтаж,м2,Москва,180.0,https://titanremont.ru/price
Демонтаж прочее,Демонтаж,м2,Москва,420.0,https://titanremont.ru/price
Демонтаж прочее,Демонтаж,м2,Москва,1000.0,https://titanremont.ru/price
Демонтаж прочее,Демонтаж,м2,Москва,800.0,https://titanremont.ru/price
Демонтаж прочее,Демонтаж,мп,Москва,100.0,https://titanremont.ru/price
Демонтаж прочее,Демонтаж,м2,Москва,500.0,https://titanremont.ru/price
Демонтаж прочее,Демонтаж,м2,Москва,100.0,https://titanremont.ru/price
Демонтаж прочее,Демонтаж,шт,Москва,240.0,https://titanremont.ru/price
Демонтаж прочее,Демонтаж,м2,Москва,150.0,https://stroyremdizayn.ru/cena-remonta-i-otdelki-kvartir-pod-klyuch/
Демонтаж прочее,Демонтаж,м2,Регион,300.0,https://remont-nsk54.ru/prajs_list
Демонтаж прочее,Демонтаж,,Регион,75.0,https://remont-nsk54.ru/prajs_list
Демонтаж прочее,Демонтаж,м2,Регион,250.0,https://remont-nsk54.ru/prajs_list
Демонтаж прочее,Демонтаж,м2,Регион,250.0,https://remont-nsk54.ru/prajs_list
Демонтаж прочее,Демонтаж,шт,Регион,500.0,https://remont-nsk54.ru/prajs_list
Демонтаж прочее,Демонтаж,м2,Регион,500.0,https://remont-nsk54.ru/prajs_list
Демонтаж прочее,Демонтаж,шт,Регион,700.0,https://remont-nsk54.ru/prajs_list
Демонтаж прочее,Демонтаж,м2,Регион,50.0,https://nsk.365rem.ru/ceni-na-otdelochnie-raboti.asp
Демонтаж прочее,Демонтаж,м2,Регион,120.0,https://nsk.365rem.ru/ceni-na-otdelochnie-raboti.asp
Демонтаж прочее,Демонтаж,м2,Регион,150.0,https://nsk.365rem.ru/ceni-na-otdelochnie-raboti.asp
Демонтаж прочее,Демонтаж,м2,Регион,92.0,https://nsk.365rem.ru/ceni-na-otdelochnie-raboti.asp
Демонтаж прочее,Демонтаж,мп,Регион,94.0,https://nsk.365rem.ru/ceni-na-otdelochnie-raboti.asp
Демонтаж прочее,Демонтаж,шт,Регион,128.0,https://nsk.365rem.ru/ceni-na-otdelochnie-raboti.asp
Демонтаж прочее,Демонтаж,шт,Регион,129.0,https://nsk.365rem.ru/ceni-na-otdelochnie-raboti.asp
Демонтаж прочее,Демонтаж,шт,Регион,130.0,https://nsk.365rem.ru/ceni-na-otdelochnie-raboti.asp
Демонтаж прочее,Демонтаж,шт,Регион,131.0,https://nsk.365rem.ru/ceni-na-otdelochnie-raboti.asp
Демонтаж прочее,Демонтаж,м2,Регион,132.0,https://nsk.365rem.ru/ceni-na-otdelochnie-raboti.asp
Демонтаж прочее,Демонтаж,м2,Регион,133.0,https://nsk.365rem.ru/ceni-na-otdelochnie-raboti.asp
Демонтаж прочее,Демонтаж,компл,Регион,134.0,https://nsk.365rem.ru/ceni-na-otdelochnie-raboti.asp
Демонтаж прочее,Демонтаж,шт,Регион,136.0,https://nsk.365rem.ru/ceni-na-otdelochnie-raboti.asp
Демонтаж прочее,Демонтаж,м2,Регион,400.0,https://remo154.ru/price_otdelka.php
Демонтаж прочее,Демонтаж,м2,Регион,300.0,https://remo154.ru/price_otdelka.php
Демонтаж прочее,Демонтаж,м2,Регион,1000.0,https://remo154.ru/price_otdelka.php
Демонтаж прочее,Демонтаж,м2,Регион,150.0,https://remo154.ru/price_otdelka.php
Демонтаж прочее,Демонтаж,шт,Регион,300.0,https://remo154.ru/price_otdelka.php
Демонтаж прочее,Демонтаж,шт,Регион,1000.0,https://remo154.ru/price_otdelka.php
Демонтаж прочее,Демонтаж,шт,Регион,400.0,https://remo154.ru/price_otdelka.php
Демонтаж прочее,Демонтаж,шт,Регион,150.0,https://remo154.ru/price_otdelka.php
Демонтаж прочее,Демонтаж,шт,Регион,150.0,https://remo154.ru/price_otdelka.php
Демонтаж прочее,Демонтаж,шт,Регион,350.0,https://remo154.ru/price_otdelka.php
Демонтаж прочее,Демонтаж,шт,Регион,500.0,https://remo154.ru/price_otdelka.php
Демонтаж прочее,Демонтаж,,Регион,60.0,https://mastercity54.ru/prices/
Демонтаж прочее,Демонтаж,,Регион,100.0,https://mastercity54.ru/prices/
Демонтаж прочее,Демонтаж,,Регион,200.0,https://mastercity54.ru/prices/
Демонтаж прочее,Демонтаж,,Регион,60.0,https://mastercity54.ru/prices/
Демонтаж прочее,Демонтаж,,Регион,130.0,https://mastercity54.ru/prices/
Демонтаж прочее,Демонтаж,,Регион,50.0,https://mastercity54.ru/prices/
Демонтаж прочее,Демонтаж,,Регион,200.0,https://mastercity54.ru/prices/
Демонтаж прочее,Демонтаж,,Регион,150.0,https://mastercity54.ru/prices/
Демонтаж прочее,Демонтаж,,Регион,100.0,https://mastercity54.ru/prices/
Демонтаж прочее,Демонтаж,,Регион,150.0,https://mastercity54.ru/prices/
Демонтаж прочее,Демонтаж,,Регион,150.0,https://mastercity54.ru/prices/
Демонтаж прочее,Демонтаж,шт,Регион,150.0,https://mastercity54.ru/prices/
Демонтаж прочее,Демонтаж,,Регион,300.0,https://mastercity54.ru/prices/
Демонтаж прочее,Демонтаж,,Регион,500.0,https://mastercity54.ru/prices/
Демонтаж прочее,Демонтаж,,Регион,500.0,https://mastercity54.ru/prices/
Демонтаж прочее,Демонтаж,,Регион,500.0,https://mastercity54.ru/prices/
Демонтаж прочее,Демонтаж,,Регион,100.0,https://mastercity54.ru/prices/
Демонтаж прочее,Демонтаж,,Регион,100.0,https://mastercity54.ru/prices/
Демонтаж прочее,Демонтаж,,Регион,500.0,https://mastercity54.ru/prices/
Демонтаж прочее,Демонтаж,,Регион,700.0,https://mastercity54.ru/prices/
Демонтаж прочее,Демонтаж,,Регион,150.0,https://mastercity54.ru/prices/
Демонтаж прочее,Демонтаж,,Регион,300.0,https://mastercity54.ru/prices/
Демонтаж прочее,Демонтаж,точка,Регион,200.0,https://mastercity54.ru/prices/
Демонтаж прочее,Демонтаж,,Регион,500.0,https://mastercity54.ru/prices/
Демонтаж прочее,Демонтаж,,Регион,300.0,https://mastercity54.ru/prices/
Демонтаж прочее,Демонтаж,,Регион,150.0,https://mastercity54.ru/prices/
Демонтаж прочее,Демонтаж,,Регион,300.0,https://mastercity54.ru/prices/
Демонтаж прочее,Демонтаж,,Регион,300.0,https://mastercity54.ru/prices/
Демонтаж прочее,Демонтаж,,Регион,150.0,https://mastercity54.ru/prices/
Демонтаж прочее,Демонтаж,,Регион,400.0,https://mastercity54.ru/prices/
Демонтаж прочее,Демонтаж,точка,Регион,100.0,https://mastercity54.ru/prices/
Демонтаж прочее,Демонтаж,,Регион,100.0,https://mastercity54.ru/prices/
Демонтаж прочее,Демонтаж,,Регион,200.0,https://mastercity54.ru/prices/
Демонтаж прочее,Демонтаж,,Регион,100.0,https://mastercity54.ru/prices/
Демонтаж прочее,Демонтаж,,Регион,200.0,https://mastercity54.ru/prices/
Демонтаж прочее,Демонтаж,шт,Регион,450.0,https://printsipremonta.ru/prais-list/
Демонтаж прочее,Демонтаж,м2,Регион,280.0,https://printsipremonta.ru/prais-list/
Демонтаж прочее,Демонтаж,м2,Регион,350.0,https://printsipremonta.ru/prais-list/
Демонтаж прочее,Демонтаж,мп,Регион,50.0,https://printsipremonta.ru/prais-list/
Демонтаж прочее,Демонтаж,м2,Регион,150.0,https://printsipremonta.ru/prais-list/
Демонтаж прочее,Демонтаж,м2,Регион,100.0,https://printsipremonta.ru/prais-list/
Демонтаж прочее,Демонтаж,м2,Регион,850.0,https://printsipremonta.ru/prais-list/
Демонтаж прочее,Демонтаж,шт,Регион,450.0,https://printsipremonta.ru/prais-list/
Демонтаж прочее,Демонтаж,шт,Регион,1000.0,https://printsipremonta.ru/prais-list/
Демонтаж прочее,Демонтаж,мп,Регион,250.0,https://printsipremonta.ru/prais-list/
Демонтаж прочее,Демонтаж,шт,Регион,300.0,https://printsipremonta.ru/prais-list/
Демонтаж прочее,Демонтаж,шт,Регион,500.0,https://printsipremonta.ru/prais-list/
Демонтаж прочее,Демонтаж,шт,Регион,500.0,https://printsipremonta.ru/prais-list/
Межкомнатная дверь,Двери,шт,Москва,3500.0,https://titanremont.ru/price
Межкомнатная дверь,Двери,м2,Москва,4995.0,https://kronotech.ru/prays-shtukaturka-sten
Межкомнатная дверь,Двери,,Регион,3000.0,https://remont-nsk54.ru/prajs_list
Межкомнатная дверь,Двери,шт,Регион,150.0,https://nsk.365rem.ru/ceni-na-otdelochnie-raboti.asp
Межкомнатная дверь,Двери,шт,Регион,151.0,https://nsk.365rem.ru/ceni-na-otdelochnie-raboti.asp
Межкомнатная дверь,Двери,шт,Регион,152.0,https://nsk.365rem.ru/ceni-na-otdelochnie-raboti.asp
Межкомнатная дверь,Двери,шт,Регион,153.0,https://nsk.365rem.ru/ceni-na-otdelochnie-raboti.asp
Межкомнатная дверь,Двери,шт,Регион,164.0,https://nsk.365rem.ru/ceni-na-otdelochnie-raboti.asp
Монтаж розеток,Электрика,,Москва,100.0,https://stroyremdizayn.ru/cena-remonta-i-otdelki-kvartir-pod-klyuch/
Монтаж розеток,Электрика,шт,Москва,450.0,https://stroyremdizayn.ru/cena-remonta-i-otdelki-kvartir-pod-klyuch/
Монтаж розеток,Электрика,шт,Регион,300.0,https://remo154.ru/price_otdelka.php
Монтаж розеток,Электрика,шт,Регион,600.0,https://remo154.ru/price_otdelka.php
Монтаж розеток,Электрика,шт,Регион,200.0,https://remo154.ru/price_otdelka.php
Монтаж розеток,Электрика,шт,Регион,300.0,https://remo154.ru/price_otdelka.php
Монтаж розеток,Электрика,шт,Регион,300.0,https://remo154.ru/price_otdelka.php
Монтаж розеток,Электрика,шт,Регион,300.0,https://remo154.ru/price_otdelka.php
Монтаж розеток,Электрика,,Регион,150.0,https://mastercity54.ru/prices/
Монтаж розеток,Электрика,,Регион,150.0,https://mastercity54.ru/prices/
Монтаж розеток,Электрика,шт,Регион,500.0,https://printsipremonta.ru/prais-list/
Монтаж светильников,Электрика,м2,Москва,150.0,https://titanremont.ru/price
Монтаж светильников,Электрика,м2,Москва,595.0,https://kronotech.ru/prays-shtukaturka-sten
Монтаж светильников,Электрика,шт,Регион,300.0,https://nsk.365rem.ru/ceni-na-otdelochnie-raboti.asp
Монтаж светильников,Электрика,м2,Регион,60.0,https://nsk.365rem.ru/ceni-na-otdelochnie-raboti.asp
Монтаж светильников,Электрика,шт,Регион,800.0,https://remo154.ru/price_otdelka.php
Монтаж светильников,Электрика,шт,Регион,800.0,https://remo154.ru/price_otdelka.php
Монтаж светильников,Электрика,шт,Регион,500.0,https://remo154.ru/price_otdelka.php
Монтаж светильников,Электрика,шт,Регион,400.0,https://remo154.ru/price_otdelka.php
Монтаж светильников,Электрика,шт,Регион,350.0,https://remo154.ru/price_otdelka.php
Монтаж светильников,Электрика,,Регион,80.0,https://mastercity54.ru/prices/
Монтаж светильников,Электрика,,Регион,200.0,https://mastercity54.ru/prices/
Монтаж светильников,Электрика,точка,Регион,250.0,https://mastercity54.ru/prices/
Монтаж светильников,Электрика,,Регион,350.0,https://mastercity54.ru/prices/
Монтаж светильников,Электрика,,Регион,250.0,https://mastercity54.ru/prices/
Монтаж светильников,Электрика,,Регион,500.0,https://mastercity54.ru/prices/
Монтаж светильников,Электрика,,Регион,800.0,https://mastercity54.ru/prices/
Монтаж светильников,Электрика,шт,Регион,1500.0,https://printsipremonta.ru/prais-list/
Монтаж светильников,Электрика,шт,Регион,850.0,https://printsipremonta.ru/prais-list/
Монтаж светильников,Электрика,шт,Регион,850.0,https://printsipremonta.ru/prais-list/
Монтаж светильников,Электрика,шт,Регион,650.0,https://printsipremonta.ru/prais-list/
Монтаж светильников,Электрика,шт,Регион,750.0,https://printsipremonta.ru/prais-list/
Наливной пол,Пол,м2,Москва,250.0,https://titanremont.ru/price
Наливной пол,Пол,,Москва,350.0,https://stroyremdizayn.ru/cena-remonta-i-otdelki-kvartir-pod-klyuch/
Наливной пол,Пол,м2,Регион,125.0,https://nsk.365rem.ru/ceni-na-otdelochnie-raboti.asp
Наливной пол,Пол,м2,Регион,126.0,https://nsk.365rem.ru/ceni-na-otdelochnie-raboti.asp
Наливной пол,Пол,м2,Регион,600.0,https://remo154.ru/price_otdelka.php
Натяжной потолок,Потолок,мп,Москва,195.0,https://kronotech.ru/prays-shtukaturka-sten
Натяжной потолок,Потолок,м2,Регион,400.0,https://nsk.365rem.ru/ceni-na-otdelochnie-raboti.asp
Натяжной потолок,Потолок,м2,Регион,850.0,https://remo154.ru/price_otdelka.php
Натяжной потолок,Потолок,м2,Регион,3500.0,https://remo154.ru/price_otdelka.php
Натяжной потолок,Потолок,м2,Регион,1500.0,https://remo154.ru/price_otdelka.php
Натяжной потолок,Потолок,м2,Регион,1500.0,https://remo154.ru/price_otdelka.php
Натяжной потолок,Потолок,м2,Регион,2200.0,https://remo154.ru/price_otdelka.php
Натяжной потолок,Потолок,м2,Регион,3500.0,https://remo154.ru/price_otdelka.php
Натяжной потолок,Потолок,,Регион,450.0,https://mastercity54.ru/prices/
Натяжной потолок,Потолок,м2,Регион,900.0,https://printsipremonta.ru/prais-list/
Откосы,Двери,мп,Москва,600.0,https://titanremont.ru/price
Откосы,Двери,мп,Москва,345.0,https://kronotech.ru/prays-shtukaturka-sten
Откосы,Двери,мп,Москва,795.0,https://kronotech.ru/prays-shtukaturka-sten
Откосы,Двери,,Регион,600.0,https://remont-nsk54.ru/prajs_list
Откосы,Двери,шт,Регион,147.0,https://nsk.365rem.ru/ceni-na-otdelochnie-raboti.asp
Откосы,Двери,компл,Регион,148.0,https://nsk.365rem.ru/ceni-na-otdelochnie-raboti.asp
Откосы,Двери,м2,Регион,200.0,https://remo154.ru/price_otdelka.php
Откосы,Двери,,Регион,480.0,https://mastercity54.ru/prices/
Откосы,Двери,,Регион,480.0,https://mastercity54.ru/prices/
Откосы,Двери,,Регион,480.0,https://mastercity54.ru/prices/
Откосы,Двери,шт,Регион,600.0,https://mastercity54.ru/prices/
Откосы,Двери,шт,Регион,700.0,https://mastercity54.ru/prices/
Откосы,Двери,,Регион,250.0,https://mastercity54.ru/prices/
Откосы,Двери,,Регион,280.0,https://mastercity54.ru/prices/
Откосы,Двери,,Регион,250.0,https://mastercity54.ru/prices/
Откосы,Двери,,Регион,250.0,https://mastercity54.ru/prices/
Откосы,Двери,мп,Регион,450.0,https://printsipremonta.ru/prais-list/
Откосы,Двери,мп,Регион,450.0,https://printsipremonta.ru/prais-list/
Перегородка из ГКЛ,Стены,м2,Москва,1400.0,https://titanremont.ru/price
Перегородка из ГКЛ,Стены,м2,Москва,720.0,https://titanremont.ru/price
Перегородка из ГКЛ,Стены,,Москва,950.0,https://stroyremdizayn.ru/cena-remonta-i-otdelki-kvartir-pod-klyuch/
Перегородка из ГКЛ,Стены,м2,Москва,795.0,https://kronotech.ru/prays-shtukaturka-sten
Перегородка из ГКЛ,Стены,м2,Москва,895.0,https://kronotech.ru/prays-shtukaturka-sten
Перегородка из ГКЛ,Стены,м2,Москва,495.0,https://kronotech.ru/prays-shtukaturka-sten
Перегородка из ГКЛ,Стены,м2,Москва,295.0,https://kronotech.ru/prays-shtukaturka-sten
Перегородка из ГКЛ,Стены,м2,Москва,345.0,https://kronotech.ru/prays-shtukaturka-sten
Перегородка из ГКЛ,Стены,м2,Москва,795.0,https://kronotech.ru/prays-shtukaturka-sten
Перегородка из ГКЛ,Стены,м2,Регион,500.0,https://remont-nsk54.ru/prajs_list
Перегородка из ГКЛ,Стены,м2,Регион,700.0,https://remont-nsk54.ru/prajs_list
Перегородка из ГКЛ,Стены,м2,Регион,600.0,https://remont-nsk54.ru/prajs_list
Перегородка из ГКЛ,Стены,м2,Регион,80.0,https://nsk.365rem.ru/ceni-na-otdelochnie-raboti.asp
Перегородка из ГКЛ,Стены,м2,Регион,150.0,https://nsk.365rem.ru/ceni-na-otdelochnie-raboti.asp
Перегородка из ГКЛ,Стены,м2,Регион,495.0,https://nsk.365rem.ru/ceni-na-otdelochnie-raboti.asp
Перегородка из ГКЛ,Стены,м2,Регион,1200.0,https://nsk.365rem.ru/ceni-na-otdelochnie-raboti.asp
Перегородка из ГКЛ,Стены,м2,Регион,500.0,https://nsk.365rem.ru/ceni-na-otdelochnie-raboti.asp
Перегородка из ГКЛ,Стены,м2,Регион,550.0,https://nsk.365rem.ru/ceni-na-otdelochnie-raboti.asp
Перегородка из ГКЛ,Стены,м2,Регион,80.0,https://nsk.365rem.ru/ceni-na-otdelochnie-raboti.asp
Перегородка из ГКЛ,Стены,м2,Регион,850.0,https://remo154.ru/price_otdelka.php
Перегородка из ГКЛ,Стены,м2,Регион,1100.0,https://remo154.ru/price_otdelka.php
Перегородка из ГКЛ,Стены,,Регион,700.0,https://mastercity54.ru/prices/
Перегородка из ГКЛ,Стены,,Регион,900.0,https://mastercity54.ru/prices/
Перегородка из ГКЛ,Стены,,Регион,530.0,https://mastercity54.ru/prices/
Перегородка из ГКЛ,Стены,,Регион,650.0,https://mastercity54.ru/prices/
Перегородка из ГКЛ,Стены,м2,Регион,1100.0,https://printsipremonta.ru/prais-list/
Плинтус,Пол,мп,Москва,250.0,https://titanremont.ru/price
Плинтус,Пол,мп,Москва,250.0,https://titanremont.ru/price
Плинтус,Пол,мп,Москва,180.0,https://titanremont.ru/price
Плинтус,Пол,мп,Москва,600.0,https://titanremont.ru/price
Плинтус,Пол,,Москва,900.0,https://stroyremdizayn.ru/cena-remonta-i-otdelki-kvartir-pod-klyuch/
Плинтус,Пол,мп,Москва,140.0,https://kronotech.ru/prays-shtukaturka-sten
Плинтус,Пол,м2,Москва,140.0,https://kronotech.ru/prays-shtukaturka-sten
Плинтус,Пол,,Регион,150.0,https://remont-nsk54.ru/prajs_list
Плинтус,Пол,,Регион,300.0,https://remont-nsk54.ru/prajs_list
Плинтус,Пол,мп,Регион,150.0,https://nsk.365rem.ru/ceni-na-otdelochnie-raboti.asp
Плинтус,Пол,мп,Регион,180.0,https://nsk.365rem.ru/ceni-na-otdelochnie-raboti.asp
Плинтус,Пол,мп,Регион,90.0,https://nsk.365rem.ru/ceni-na-otdelochnie-raboti.asp
Плинтус,Пол,мп,Регион,102.0,https://nsk.365rem.ru/ceni-na-otdelochnie-raboti.asp
Плинтус,Пол,мп,Регион,103.0,https://nsk.365rem.ru/ceni-na-otdelochnie-raboti.asp
Плинтус,Пол,мп,Регион,104.0,https://nsk.365rem.ru/ceni-na-otdelochnie-raboti.asp
Плинтус,Пол,мп,Регион,120.0,https://nsk.365rem.ru/ceni-na-otdelochnie-raboti.asp
Плинтус,Пол,мп,Регион,350.0,https://remo154.ru/price_otdelka.php
Плинтус,Пол,мп,Регион,500.0,https://remo154.ru/price_otdelka.php
Плинтус,Пол,мп,Регион,200.0,https://remo154.ru/price_otdelka.php
Плинтус,Пол,мп,Регион,300.0,https://remo154.ru/price_otdelka.php
Плинтус,Пол,мп,Регион,1000.0,https://remo154.ru/price_otdelka.php
Плинтус,Пол,мп,Регион,500.0,https://remo154.ru/price_otdelka.php
Плинтус,Пол,мп,Регион,400.0,https://remo154.ru/price_otdelka.php
Плинтус,Пол,мп,Регион,400.0,https://remo154.ru/price_otdelka.php
Плинтус,Пол,,Регион,600.0,https://mastercity54.ru/prices/
Плинтус,Пол,,Регион,600.0,https://mastercity54.ru/prices/
Плинтус,Пол,,Регион,100.0,https://mastercity54.ru/prices/
Плинтус,Пол,,Регион,150.0,https://mastercity54.ru/prices/
Плинтус,Пол,,Регион,150.0,https://mastercity54.ru/prices/
Плинтус,Пол,,Регион,100.0,https://mastercity54.ru/prices/
Плинтус,Пол,,Регион,80.0,https://mastercity54.ru/prices/
Плинтус,Пол,мп,Регион,500.0,https://printsipremonta.ru/prais-list/
Плинтус,Пол,мп,Регион,500.0,https://printsipremonta.ru/prais-list/
Плинтус,Пол,мп,Регион,300.0,https://printsipremonta.ru/prais-list/
Плинтус,Пол,мп,Регион,500.0,https://printsipremonta.ru/prais-list/
Плинтус,Пол,мп,Регион,650.0,https://printsipremonta.ru/prais-list/
Плинтус,Пол,мп,Регион,500.0,https://printsipremonta.ru/prais-list/
Плинтус,Пол,мп,Регион,500.0,https://printsipremonta.ru/prais-list/
Плитка на пол,Пол,шт,Москва,4995.0,https://kronotech.ru/prays-shtukaturka-sten
Плитка на пол,Пол,м2,Регион,2500.0,https://remo154.ru/price_otdelka.php
Плитка на пол,Пол,,Регион,1000.0,https://mastercity54.ru/prices/
Плитка на пол,Пол,,Регион,380.0,https://mastercity54.ru/prices/
Поклейка обоев,Стены,м2,Москва,300.0,https://titanremont.ru/price
Поклейка обоев,Стены,м2,Москва,500.0,https://titanremont.ru/price
Поклейка обоев,Стены,м2,Москва,600.0,https://stroyremdizayn.ru/cena-remonta-i-otdelki-kvartir-pod-klyuch/
Поклейка обоев,Стены,м2,Москва,240.0,https://kronotech.ru/prays-shtukaturka-sten
Поклейка обоев,Стены,м2,Москва,240.0,https://kronotech.ru/prays-shtukaturka-sten
Поклейка обоев,Стены,м2,Москва,290.0,https://kronotech.ru/prays-shtukaturka-sten
Поклейка обоев,Стены,м2,Москва,790.0,https://kronotech.ru/prays-shtukaturka-sten
Поклейка обоев,Стены,м2,Москва,690.0,https://kronotech.ru/prays-shtukaturka-sten
Поклейка обоев,Стены,м2,Москва,590.0,https://kronotech.ru/prays-shtukaturka-sten
Поклейка обоев,Стены,м2,Москва,290.0,https://kronotech.ru/prays-shtukaturka-sten
Поклейка обоев,Стены,м2,Москва,490.0,https://kronotech.ru/prays-shtukaturka-sten
Поклейка обоев,Стены,м2,Москва,590.0,https://kronotech.ru/prays-shtukaturka-sten
Поклейка обоев,Стены,м2,Москва,740.0,https://kronotech.ru/prays-shtukaturka-sten
Поклейка обоев,Стены,м2,Москва,240.0,https://kronotech.ru/prays-shtukaturka-sten
Поклейка обоев,Стены,м2,Москва,240.0,https://kronotech.ru/prays-shtukaturka-sten
Поклейка обоев,Стены,м2,Москва,370.0,https://kronotech.ru/prays-shtukaturka-sten
Поклейка обоев,Стены,м2,Москва,290.0,https://kronotech.ru/prays-shtukaturka-sten
Поклейка обоев,Стены,м2,Москва,370.0,https://kronotech.ru/prays-shtukaturka-sten
Поклейка обоев,Стены,м2,Регион,350.0,https://remont-nsk54.ru/prajs_list
Поклейка обоев,Стены,м2,Регион,260.0,https://remont-nsk54.ru/prajs_list
Поклейка обоев,Стены,м2,Регион,250.0,https://remont-nsk54.ru/prajs_list
Поклейка обоев,Стены,м2,Регион,250.0,https://remont-nsk54.ru/prajs_list
Поклейка обоев,Стены,м2,Регион,250.0,https://remont-nsk54.ru/prajs_list
Поклейка обоев,Стены,м2,Регион,450.0,https://remont-nsk54.ru/prajs_list
Поклейка обоев,Стены,м2,Регион,450.0,https://nsk.365rem.ru/ceni-na-otdelochnie-raboti.asp
Поклейка обоев,Стены,м2,Регион,400.0,https://remo154.ru/price_otdelka.php
Поклейка обоев,Стены,м2,Регион,250.0,https://remo154.ru/price_otdelka.php
Поклейка обоев,Стены,м2,Регион,200.0,https://remo154.ru/price_otdelka.php
Поклейка обоев,Стены,м2,Регион,250.0,https://remo154.ru/price_otdelka.php
Поклейка обоев,Стены,м2,Регион,300.0,https://remo154.ru/price_otdelka.php
Поклейка обоев,Стены,м2,Регион,500.0,https://remo154.ru/price_otdelka.php
Поклейка обоев,Стены,м2,Регион,250.0,https://remo154.ru/price_otdelka.php
Поклейка обоев,Стены,м2,Регион,500.0,https://remo154.ru/price_otdelka.php
Поклейка обоев,Стены,м2,Регион,600.0,https://remo154.ru/price_otdelka.php
Поклейка обоев,Стены,,Регион,300.0,https://mastercity54.ru/prices/
Поклейка обоев,Стены,,Регион,300.0,https://mastercity54.ru/prices/
Поклейка обоев,Стены,,Регион,50.0,https://mastercity54.ru/prices/
Поклейка обоев,Стены,,Регион,200.0,https://mastercity54.ru/prices/
Поклейка обоев,Стены,,Регион,290.0,https://mastercity54.ru/prices/
Поклейка обоев,Стены,,Регион,200.0,https://mastercity54.ru/prices/
Поклейка обоев,Стены,,Регион,200.0,https://mastercity54.ru/prices/
Поклейка обоев,Стены,,Регион,100.0,https://mastercity54.ru/prices/
Поклейка обоев,Стены,,Регион,280.0,https://mastercity54.ru/prices/
Поклейка обоев,Стены,,Регион,200.0,https://mastercity54.ru/prices/
Поклейка обоев,Стены,,Регион,200.0,https://mastercity54.ru/prices/
Поклейка обоев,Стены,м2,Регион,450.0,https://printsipremonta.ru/prais-list/
Поклейка обоев,Стены,м2,Регион,400.0,https://printsipremonta.ru/prais-list/
Поклейка обоев,Стены,м2,Регион,400.0,https://printsipremonta.ru/prais-list/
Поклейка обоев,Стены,м2,Регион,450.0,https://printsipremonta.ru/prais-list/
Поклейка обоев,Стены,м2,Регион,550.0,https://printsipremonta.ru/prais-list/
Покраска потолка,Потолок,м2,Москва,240.0,https://titanremont.ru/price
Покраска потолка,Потолок,м2,Регион,300.0,https://remont-nsk54.ru/prajs_list
Покраска потолка,Потолок,м2,Регион,300.0,https://nsk.365rem.ru/ceni-na-otdelochnie-raboti.asp
Покраска потолка,Потолок,м2,Регион,100.0,https://nsk.365rem.ru/ceni-na-otdelochnie-raboti.asp
Покраска потолка,Потолок,мп,Регион,160.0,https://nsk.365rem.ru/ceni-na-otdelochnie-raboti.asp
Покраска потолка,Потолок,мп,Регион,60.0,https://nsk.365rem.ru/ceni-na-otdelochnie-raboti.asp
Покраска потолка,Потолок,м2,Регион,300.0,https://remo154.ru/price_otdelka.php
Покраска потолка,Потолок,,Регион,280.0,https://mastercity54.ru/prices/
Покраска стен,Стены,м2,Москва,300.0,https://titanremont.ru/price
Покраска стен,Стены,м2,Москва,300.0,https://titanremont.ru/price
Покраска стен,Стены,м2,Москва,245.0,https://kronotech.ru/prays-shtukaturka-sten
Покраска стен,Стены,м2,Регион,300.0,https://remont-nsk54.ru/prajs_list
Покраска стен,Стены,м2,Регион,250.0,https://nsk.365rem.ru/ceni-na-otdelochnie-raboti.asp
Покраска стен,Стены,м2,Регион,80.0,https://nsk.365rem.ru/ceni-na-otdelochnie-raboti.asp
Покраска стен,Стены,мп,Регион,50.0,https://nsk.365rem.ru/ceni-na-otdelochnie-raboti.asp
Покраска стен,Стены,м2,Регион,110.0,https://nsk.365rem.ru/ceni-na-otdelochnie-raboti.asp
Покраска стен,Стены,м2,Регион,210.0,https://nsk.365rem.ru/ceni-na-otdelochnie-raboti.asp
Покраска стен,Стены,м2,Регион,300.0,https://remo154.ru/price_otdelka.php
Покраска стен,Стены,,Регион,200.0,https://mastercity54.ru/prices/
Покраска стен,Стены,,Регион,300.0,https://mastercity54.ru/prices/
Покраска стен,Стены,м2,Регион,400.0,https://printsipremonta.ru/prais-list/
Потолок из ГКЛ,Потолок,м2,Москва,1000.0,https://titanremont.ru/price
Потолок из ГКЛ,Потолок,м2,Москва,1200.0,https://titanremont.ru/price
Потолок из ГКЛ,Потолок,м2,Москва,1200.0,https://stroyremdizayn.ru/cena-remonta-i-otdelki-kvartir-pod-klyuch/
Потолок из ГКЛ,Потолок,м2,Регион,700.0,https://remont-nsk54.ru/prajs_list
Потолок из ГКЛ,Потолок,мп,Регион,550.0,https://nsk.365rem.ru/ceni-na-otdelochnie-raboti.asp
Потолок из ГКЛ,Потолок,м2,Регион,450.0,https://nsk.365rem.ru/ceni-na-otdelochnie-raboti.asp
Потолок из ГКЛ,Потолок,м2,Регион,1450.0,https://nsk.365rem.ru/ceni-na-otdelochnie-raboti.asp
Потолок из ГКЛ,Потолок,м2,Регион,800.0,https://remo154.ru/price_otdelka.php
Потолок из ГКЛ,Потолок,м2,Регион,1200.0,https://remo154.ru/price_otdelka.php
Потолок из ГКЛ,Потолок,м2,Регион,1600.0,https://remo154.ru/price_otdelka.php
Потолок из ГКЛ,Потолок,м2,Регион,1200.0,https://remo154.ru/price_otdelka.php
Потолок из ГКЛ,Потолок,,Регион,1000.0,https://mastercity54.ru/prices/
Потолок из ГКЛ,Потолок,,Регион,1350.0,https://mastercity54.ru/prices/
Потолок из ГКЛ,Потолок,,Регион,1500.0,https://mastercity54.ru/prices/
Потолок из ГКЛ,Потолок,,Регион,800.0,https://mastercity54.ru/prices/
Потолок из ГКЛ,Потолок,м2,Регион,1800.0,https://printsipremonta.ru/prais-list/
Потолок из ГКЛ,Потолок,м2,Регион,1400.0,https://printsipremonta.ru/prais-list/
Прокладка кабеля,Электрика,мп,Москва,200.0,https://titanremont.ru/price
Прокладка кабеля,Электрика,м2,Москва,450.0,https://titanremont.ru/price
Прокладка кабеля,Электрика,,Москва,75.0,https://stroyremdizayn.ru/cena-remonta-i-otdelki-kvartir-pod-klyuch/
Прокладка кабеля,Электрика,мп,Москва,130.0,https://stroyremdizayn.ru/cena-remonta-i-otdelki-kvartir-pod-klyuch/
Прокладка кабеля,Электрика,м2,Регион,106.0,https://nsk.365rem.ru/ceni-na-otdelochnie-raboti.asp
Прокладка кабеля,Электрика,мп,Регион,350.0,https://remo154.ru/price_otdelka.php
Прокладка кабеля,Электрика,мп,Регион,50.0,https://remo154.ru/price_otdelka.php
Прокладка кабеля,Электрика,мп,Регион,500.0,https://remo154.ru/price_otdelka.php
Прокладка кабеля,Электрика,мп,Регион,500.0,https://remo154.ru/price_otdelka.php
Прокладка кабеля,Электрика,мп,Регион,200.0,https://remo154.ru/price_otdelka.php
Прокладка кабеля,Электрика,мп,Регион,250.0,https://remo154.ru/price_otdelka.php
Прокладка кабеля,Электрика,мп,Регион,250.0,https://remo154.ru/price_otdelka.php
Прокладка кабеля,Электрика,точка,Регион,500.0,https://remo154.ru/price_otdelka.php
Прокладка кабеля,Электрика,м2,Регион,600.0,https://remo154.ru/price_otdelka.php
Прокладка кабеля,Электрика,м2,Регион,50.0,https://mastercity54.ru/prices/
Прокладка кабеля,Электрика,м2,Регион,50.0,https://mastercity54.ru/prices/
Прокладка кабеля,Электрика,,Регион,80.0,https://mastercity54.ru/prices/
Прокладка кабеля,Электрика,,Регион,60.0,https://mastercity54.ru/prices/
Прокладка кабеля,Электрика,,Регион,80.0,https://mastercity54.ru/prices/
Прокладка кабеля,Электрика,,Регион,80.0,https://mastercity54.ru/prices/
Прокладка кабеля,Электрика,,Регион,100.0,https://mastercity54.ru/prices/
Прокладка кабеля,Электрика,,Регион,200.0,https://mastercity54.ru/prices/
Прокладка кабеля,Электрика,мп,Регион,250.0,https://printsipremonta.ru/prais-list/
Прокладка кабеля,Электрика,мп,Регион,150.0,https://printsipremonta.ru/prais-list/
Прокладка кабеля,Электрика,мп,Регион,150.0,https://printsipremonta.ru/prais-list/
Прокладка кабеля,Электрика,шт,Регион,500.0,https://printsipremonta.ru/prais-list/
Разводка сантехники,Сантехника,точка,Москва,8000.0,https://titanremont.ru/price
Разводка сантехники,Сантехника,точка,Москва,5000.0,https://titanremont.ru/price
Разводка сантехники,Сантехника,точка,Москва,3000.0,https://stroyremdizayn.ru/cena-remonta-i-otdelki-kvartir-pod-klyuch/
Разводка сантехники,Сантехника,мп,Москва,295.0,https://kronotech.ru/prays-shtukaturka-sten
Разводка сантехники,Сантехника,мп,Регион,158.0,https://nsk.365rem.ru/ceni-na-otdelochnie-raboti.asp
Разводка сантехники,Сантехника,шт,Регион,7500.0,https://remo154.ru/price_otdelka.php
Разводка сантехники,Сантехника,шт,Регион,10000.0,https://remo154.ru/price_otdelka.php
Разводка сантехники,Сантехника,шт,Регион,2500.0,https://remo154.ru/price_otdelka.php
Разводка сантехники,Сантехника,шт,Регион,5000.0,https://remo154.ru/price_otdelka.php
Разводка сантехники,Сантехника,точка,Регион,2500.0,https://remo154.ru/price_otdelka.php
Разводка сантехники,Сантехника,,Регион,3000.0,https://remo154.ru/price_otdelka.php
Разводка сантехники,Сантехника,шт,Регион,5000.0,https://remo154.ru/price_otdelka.php
Разводка сантехники,Сантехника,шт,Регион,5000.0,https://remo154.ru/price_otdelka.php
Разводка сантехники,Сантехника,шт,Регион,2500.0,https://remo154.ru/price_otdelka.php
Разводка сантехники,Сантехника,мп,Регион,50.0,https://remo154.ru/price_otdelka.php
Разводка сантехники,Сантехника,,Регион,70.0,https://mastercity54.ru/prices/
Разводка сантехники,Сантехника,шт,Регион,180.0,https://mastercity54.ru/prices/
Разводка сантехники,Сантехника,шт,Регион,250.0,https://mastercity54.ru/prices/
Разводка сантехники,Сантехника,,Регион,70.0,https://mastercity54.ru/prices/
Разводка сантехники,Сантехника,шт,Регион,200.0,https://mastercity54.ru/prices/
Разводка сантехники,Сантехника,шт,Регион,450.0,https://mastercity54.ru/prices/
Разводка сантехники,Сантехника,,Регион,600.0,https://mastercity54.ru/prices/
Разводка сантехники,Сантехника,,Регион,80.0,https://mastercity54.ru/prices/
Разводка сантехники,Сантехника,,Регион,250.0,https://mastercity54.ru/prices/
Разводка сантехники,Сантехника,мп,Регион,550.0,https://printsipremonta.ru/prais-list/
Разводка сантехники,Сантехника,шт,Регион,1200.0,https://printsipremonta.ru/prais-list/
Стяжка пола,Пол,м2,Москва,450.0,https://titanremont.ru/price
Стяжка пола,Пол,м2,Москва,600.0,https://stroyremdizayn.ru/cena-remonta-i-otdelki-kvartir-pod-klyuch/
Стяжка пола,Пол,м2,Москва,200.0,https://stroyremdizayn.ru/cena-remonta-i-otdelki-kvartir-pod-klyuch/
Стяжка пола,Пол,м2,Регион,550.0,https://remont-nsk54.ru/prajs_list
Стяжка пола,Пол,м2,Регион,100.0,https://nsk.365rem.ru/ceni-na-otdelochnie-raboti.asp
Стяжка пола,Пол,м2,Регион,650.0,https://remo154.ru/price_otdelka.php
Стяжка пола,Пол,м2,Регион,800.0,https://remo154.ru/price_otdelka.php
Стяжка пола,Пол,м2,Регион,750.0,https://remo154.ru/price_otdelka.php
Стяжка пола,Пол,м2,Регион,850.0,https://remo154.ru/price_otdelka.php
Стяжка пола,Пол,м2,Регион,250.0,https://remo154.ru/price_otdelka.php
Стяжка пола,Пол,,Регион,400.0,https://mastercity54.ru/prices/
Стяжка пола,Пол,,Регион,500.0,https://mastercity54.ru/prices/
Стяжка пола,Пол,,Регион,600.0,https://mastercity54.ru/prices/
Стяжка пола,Пол,,Регион,120.0,https://mastercity54.ru/prices/
Укладка ламината,Пол,м2,Москва,450.0,https://titanremont.ru/price
Укладка ламината,Пол,м2,Регион,400.0,https://remont-nsk54.ru/prajs_list
Укладка ламината,Пол,м2,Регион,108.0,https://nsk.365rem.ru/ceni-na-otdelochnie-raboti.asp
Укладка ламината,Пол,м2,Регион,109.0,https://nsk.365rem.ru/ceni-na-otdelochnie-raboti.asp
Укладка ламината,Пол,м2,Регион,400.0,https://remo154.ru/price_otdelka.php
Укладка ламината,Пол,м2,Регион,400.0,https://remo154.ru/price_otdelka.php
Укладка ламината,Пол,м2,Регион,400.0,https://remo154.ru/price_otdelka.php
Укладка ламината,Пол,м2,Регион,150.0,https://remo154.ru/price_otdelka.php
Укладка ламината,Пол,,Регион,450.0,https://mastercity54.ru/prices/
Укладка ламината,Пол,м2,Регион,450.0,https://printsipremonta.ru/prais-list/
Укладка плитки,Пол,м2,Москва,1000.0,https://titanremont.ru/price
Укладка плитки,Пол,м2,Москва,1200.0,https://titanremont.ru/price
Укладка плитки,Пол,м2,Москва,200.0,https://titanremont.ru/price
Укладка плитки,Пол,м2,Москва,1200.0,https://titanremont.ru/price
Укладка плитки,Пол,мп,Москва,600.0,https://titanremont.ru/price
Укладка плитки,Пол,мп,Москва,2000.0,https://titanremont.ru/price
Укладка плитки,Пол,шт,Москва,500.0,https://titanremont.ru/price
Укладка плитки,Пол,м2,Москва,300.0,https://stroyremdizayn.ru/cena-remonta-i-otdelki-kvartir-pod-klyuch/
Укладка плитки,Пол,м2,Москва,1495.0,https://kronotech.ru/prays-shtukaturka-sten
Укладка плитки,Пол,м2,Москва,1495.0,https://kronotech.ru/prays-shtukaturka-sten
Укладка плитки,Пол,м2,Москва,1995.0,https://kronotech.ru/prays-shtukaturka-sten
Укладка плитки,Пол,м2,Москва,1495.0,https://kronotech.ru/prays-shtukaturka-sten
Укладка плитки,Пол,мп,Москва,795.0,https://kronotech.ru/prays-shtukaturka-sten
Укладка плитки,Пол,мп,Москва,995.0,https://kronotech.ru/prays-shtukaturka-sten
Укладка плитки,Пол,мп,Москва,795.0,https://kronotech.ru/prays-shtukaturka-sten
Укладка плитки,Пол,шт,Москва,395.0,https://kronotech.ru/prays-shtukaturka-sten
Укладка плитки,Пол,мп,Москва,1695.0,https://kronotech.ru/prays-shtukaturka-sten
Укладка плитки,Пол,шт,Москва,245.0,https://kronotech.ru/prays-shtukaturka-sten
Укладка плитки,Пол,,Регион,400.0,https://remont-nsk54.ru/prajs_list
Укладка плитки,Пол,м2,Регион,250.0,https://remont-nsk54.ru/prajs_list
Укладка плитки,Пол,шт,Регион,180.0,https://nsk.365rem.ru/ceni-na-otdelochnie-raboti.asp
Укладка плитки,Пол,шт,Регион,320.0,https://nsk.365rem.ru/ceni-na-otdelochnie-raboti.asp
Укладка плитки,Пол,м2,Регион,1400.0,https://nsk.365rem.ru/ceni-na-otdelochnie-raboti.asp
Укладка плитки,Пол,м2,Регион,2600.0,https://nsk.365rem.ru/ceni-na-otdelochnie-raboti.asp
Укладка плитки,Пол,м2,Регион,990.0,https://nsk.365rem.ru/ceni-na-otdelochnie-raboti.asp
Укладка плитки,Пол,м2,Регион,790.0,https://nsk.365rem.ru/ceni-na-otdelochnie-raboti.asp
Укладка плитки,Пол,м2,Регион,2100.0,https://nsk.365rem.ru/ceni-na-otdelochnie-raboti.asp
Укладка плитки,Пол,мп,Регион,500.0,https://nsk.365rem.ru/ceni-na-otdelochnie-raboti.asp
Укладка плитки,Пол,м2,Регион,114.0,https://nsk.365rem.ru/ceni-na-otdelochnie-raboti.asp
Укладка плитки,Пол,м2,Регион,115.0,https://nsk.365rem.ru/ceni-na-otdelochnie-raboti.asp
Укладка плитки,Пол,м2,Регион,116.0,https://nsk.365rem.ru/ceni-na-otdelochnie-raboti.asp
Укладка плитки,Пол,м2,Регион,117.0,https://nsk.365rem.ru/ceni-na-otdelochnie-raboti.asp
Укладка плитки,Пол,м2,Регион,118.0,https://nsk.365rem.ru/ceni-na-otdelochnie-raboti.asp
Укладка плитки,Пол,м2,Регион,119.0,https://nsk.365rem.ru/ceni-na-otdelochnie-raboti.asp
Укладка плитки,Пол,м2,Регион,2000.0,https://remo154.ru/price_otdelka.php
Укладка плитки,Пол,м2,Регион,2500.0,https://remo154.ru/price_otdelka.php
Укладка плитки,Пол,м2,Регион,2000.0,https://remo154.ru/price_otdelka.php
Укладка плитки,Пол,м2,Регион,3500.0,https://remo154.ru/price_otdelka.php
Укладка плитки,Пол,мп,Регион,500.0,https://remo154.ru/price_otdelka.php
Укладка плитки,Пол,м2,Регион,2000.0,https://remo154.ru/price_otdelka.php
Укладка плитки,Пол,м2,Регион,2000.0,https://remo154.ru/price_otdelka.php
Укладка плитки,Пол,м2,Регион,2500.0,https://remo154.ru/price_otdelka.php
Укладка плитки,Пол,м2,Регион,2000.0,https://remo154.ru/price_otdelka.php
Укладка плитки,Пол,м2,Регион,3500.0,https://remo154.ru/price_otdelka.php
Укладка плитки,Пол,м2,Регион,1500.0,https://remo154.ru/price_otdelka.php
Укладка плитки,Пол,,Регион,1200.0,https://mastercity54.ru/prices/
Укладка плитки,Пол,,Регион,1000.0,https://mastercity54.ru/prices/
Укладка плитки,Пол,,Регион,1500.0,https://mastercity54.ru/prices/
Укладка плитки,Пол,,Регион,150.0,https://mastercity54.ru/prices/
Укладка плитки,Пол,,Регион,180.0,https://mastercity54.ru/prices/
Укладка плитки,Пол,,Регион,1000.0,https://mastercity54.ru/prices/
Укладка плитки,Пол,,Регион,300.0,https://mastercity54.ru/prices/
Укладка плитки,Пол,,Регион,500.0,https://mastercity54.ru/prices/
Укладка плитки,Пол,,Регион,1500.0,https://mastercity54.ru/prices/
Укладка плитки,Пол,,Регион,150.0,https://mastercity54.ru/prices/
Укладка плитки,Пол,,Регион,1000.0,https://mastercity54.ru/prices/
Укладка плитки,Пол,точка,Регион,300.0,https://mastercity54.ru/prices/
Укладка плитки,Пол,м2,Регион,2800.0,https://printsipremonta.ru/prais-list/
Укладка плитки,Пол,м2,Регион,450.0,https://printsipremonta.ru/prais-list/
Укладка плитки,Пол,м2,Регион,850.0,https://printsipremonta.ru/prais-list/
Укладка плитки,Пол,мп,Регион,1800.0,https://printsipremonta.ru/prais-list/
Укладка плитки,Пол,шт,Регион,850.0,https://printsipremonta.ru/prais-list/
Укладка плитки,Пол,шт,Регион,2000.0,https://printsipremonta.ru/prais-list/
Укладка плитки,Пол,м2,Регион,650.0,https://printsipremonta.ru/prais-list/
Укладка плитки,Пол,м2,Регион,450.0,https://printsipremonta.ru/prais-list/
Укладка плитки,Пол,м2,Регион,3500.0,https://printsipremonta.ru/prais-list/
Укладка плитки,Пол,м2,Регион,2800.0,https://printsipremonta.ru/prais-list/
Установка ванны,Сантехника,шт,Москва,2000.0,https://titanremont.ru/price
Установка ванны,Сантехника,шт,Москва,320.0,https://kronotech.ru/prays-shtukaturka-sten
Установка ванны,Сантехника,м2,Москва,2710.0,https://kronotech.ru/prays-shtukaturka-sten
Установка ванны,Сантехника,мп,Москва,215.0,https://kronotech.ru/prays-shtukaturka-sten
Установка ванны,Сантехника,мп,Москва,1995.0,https://kronotech.ru/prays-shtukaturka-sten
Установка ванны,Сантехника,м2,Москва,995.0,https://kronotech.ru/prays-shtukaturka-sten
Установка ванны,Сантехника,м2,Регион,600.0,https://remo154.ru/price_otdelka.php
Установка ванны,Сантехника,м2,Регион,350.0,https://remo154.ru/price_otdelka.php
Установка ванны,Сантехника,шт,Регион,5500.0,https://remo154.ru/price_otdelka.php
Установка ванны,Сантехника,шт,Регион,5500.0,https://remo154.ru/price_otdelka.php
Установка ванны,Сантехника,шт,Регион,6500.0,https://remo154.ru/price_otdelka.php
Установка ванны,Сантехника,шт,Регион,7500.0,https://remo154.ru/price_otdelka.php
Установка ванны,Сантехника,шт,Регион,5500.0,https://remo154.ru/price_otdelka.php
Установка ванны,Сантехника,шт,Регион,1750.0,https://remo154.ru/price_otdelka.php
Установка ванны,Сантехника,,Регион,100.0,https://mastercity54.ru/prices/
Установка ванны,Сантехника,,Регион,1200.0,https://mastercity54.ru/prices/
Установка ванны,Сантехника,,Регион,2500.0,https://mastercity54.ru/prices/
Установка ванны,Сантехника,,Регион,250.0,https://mastercity54.ru/prices/
Установка ванны,Сантехника,мп,Регион,300.0,https://printsipremonta.ru/prais-list/
Установка ванны,Сантехника,шт,Регион,2500.0,https://printsipremonta.ru/prais-list/
Установка ванны,Сантехника,м2,Регион,350.0,https://printsipremonta.ru/prais-list/
Установка ванны,Сантехника,шт,Регион,4000.0,https://printsipremonta.ru/prais-list/
Установка ванны,Сантехника,шт,Регион,850.0,https://printsipremonta.ru/prais-list/
Установка раковины,Сантехника,шт,Москва,2400.0,https://titanremont.ru/price
Установка раковины,Сантехника,шт,Москва,1200.0,https://titanremont.ru/price
Установка раковины,Сантехника,шт,Регион,2500.0,https://remo154.ru/price_otdelka.php
Установка раковины,Сантехника,шт,Регион,3000.0,https://remo154.ru/price_otdelka.php
Установка раковины,Сантехника,шт,Регион,3500.0,https://remo154.ru/price_otdelka.php
Установка раковины,Сантехника,шт,Регион,2000.0,https://remo154.ru/price_otdelka.php
Установка раковины,Сантехника,шт,Регион,2500.0,https://remo154.ru/price_otdelka.php
Установка раковины,Сантехника,шт,Регион,500.0,https://remo154.ru/price_otdelka.php
Установка раковины,Сантехника,,Регион,800.0,https://mastercity54.ru/prices/
Установка раковины,Сантехника,,Регион,1200.0,https://mastercity54.ru/prices/
Установка раковины,Сантехника,,Регион,250.0,https://mastercity54.ru/prices/
Установка раковины,Сантехника,шт,Регион,2500.0,https://printsipremonta.ru/prais-list/
Установка смесителя,Сантехника,шт,Москва,2500.0,https://stroyremdizayn.ru/cena-remonta-i-otdelki-kvartir-pod-klyuch/
Установка смесителя,Сантехника,шт,Регион,1500.0,https://remo154.ru/price_otdelka.php
Установка смесителя,Сантехника,шт,Регион,3500.0,https://remo154.ru/price_otdelka.php
Установка смесителя,Сантехника,шт,Регион,2000.0,https://remo154.ru/price_otdelka.php
Установка смесителя,Сантехника,шт,Регион,2500.0,https://remo154.ru/price_otdelka.php
Установка смесителя,Сантехника,шт,Регион,2500.0,https://remo154.ru/price_otdelka.php
Установка смесителя,Сантехника,шт,Регион,500.0,https://remo154.ru/price_otdelka.php
Установка смесителя,Сантехника,,Регион,300.0,https://mastercity54.ru/prices/
Установка смесителя,Сантехника,шт,Регион,1500.0,https://printsipremonta.ru/prais-list/
Установка унитаза,Сантехника,шт,Москва,2000.0,https://titanremont.ru/price
Установка унитаза,Сантехника,шт,Москва,3500.0,https://stroyremdizayn.ru/cena-remonta-i-otdelki-kvartir-pod-klyuch/
Установка унитаза,Сантехника,шт,Регион,3000.0,https://remo154.ru/price_otdelka.php
Установка унитаза,Сантехника,шт,Регион,3500.0,https://remo154.ru/price_otdelka.php
Установка унитаза,Сантехника,шт,Регион,500.0,https://remo154.ru/price_otdelka.php
Установка унитаза,Сантехника,шт,Регион,1500.0,https://remo154.ru/price_otdelka.php
Установка унитаза,Сантехника,,Регион,1000.0,https://mastercity54.ru/prices/
Установка унитаза,Сантехника,шт,Регион,4000.0,https://printsipremonta.ru/prais-list/
Установка унитаза,Сантехника,шт,Регион,2000.0,https://printsipremonta.ru/prais-list/
Шпаклёвка стен,Стены,м2,Москва,320.0,https://titanremont.ru/price
Шпаклёвка стен,Стены,м2,Москва,120.0,https://titanremont.ru/price
Шпаклёвка стен,Стены,мп,Москва,400.0,https://titanremont.ru/price
Шпаклёвка стен,Стены,м2,Регион,250.0,https://remont-nsk54.ru/prajs_list
Шпаклёвка стен,Стены,м2,Регион,650.0,https://remo154.ru/price_otdelka.php
Шпаклёвка стен,Стены,,Регион,200.0,https://mastercity54.ru/prices/
Шпаклёвка стен,Стены,,Регион,300.0,https://mastercity54.ru/prices/
Штробление,Электрика,мп,Москва,200.0,https://titanremont.ru/price
Штробление,Электрика,мп,Москва,300.0,https://stroyremdizayn.ru/cena-remonta-i-otdelki-kvartir-pod-klyuch/
Штробление,Электрика,,Регион,90.0,https://remont-nsk54.ru/prajs_list
Штробление,Электрика,мп,Регион,200.0,https://remo154.ru/price_otdelka.php
Штробление,Электрика,мп,Регион,400.0,https://remo154.ru/price_otdelka.php
Штробление,Электрика,мп,Регион,500.0,https://remo154.ru/price_otdelka.php
Штробление,Электрика,мп,Регион,650.0,https://remo154.ru/price_otdelka.php
Штробление,Электрика,шт,Регион,800.0,https://remo154.ru/price_otdelka.php
Штробление,Электрика,шт,Регион,800.0,https://remo154.ru/price_otdelka.php
Штробление,Электрика,шт,Регион,120.0,https://mastercity54.ru/prices/
Штробление,Электрика,шт,Регион,100.0,https://mastercity54.ru/prices/
Штробление,Электрика,шт,Регион,180.0,https://mastercity54.ru/prices/
Штробление,Электрика,мп,Регион,500.0,https://printsipremonta.ru/prais-list/
Штробление,Электрика,шт,Регион,700.0,https://printsipremonta.ru/prais-list/
Штробление,Электрика,мп,Регион,450.0,https://printsipremonta.ru/prais-list/
Штукатурка потолка,Потолок,м2,Москва,320.0,https://titanremont.ru/price
Штукатурка потолка,Потолок,м2,Москва,360.0,https://titanremont.ru/price
Штукатурка потолка,Потолок,м2,Москва,360.0,https://titanremont.ru/price
Штукатурка потолка,Потолок,м2,Москва,120.0,https://titanremont.ru/price
Штукатурка потолка,Потолок,,Регион,250.0,https://remont-nsk54.ru/prajs_list
Штукатурка потолка,Потолок,м2,Регион,600.0,https://remont-nsk54.ru/prajs_list
Штукатурка потолка,Потолок,м2,Регион,450.0,https://remont-nsk54.ru/prajs_list
Штукатурка потолка,Потолок,м2,Регион,651.0,https://nsk.365rem.ru/ceni-na-otdelochnie-raboti.asp
Штукатурка потолка,Потолок,мп,Регион,300.0,https://remo154.ru/price_otdelka.php
Штукатурка потолка,Потолок,м2,Регион,450.0,https://remo154.ru/price_otdelka.php
Штукатурка потолка,Потолок,м2,Регион,500.0,https://remo154.ru/price_otdelka.php
Штукатурка потолка,Потолок,м2,Регион,550.0,https://remo154.ru/price_otdelka.php
Штукатурка потолка,Потолок,шт,Регион,600.0,https://mastercity54.ru/prices/
Штукатурка потолка,Потолок,шт,Регион,600.0,https://mastercity54.ru/prices/
Штукатурка потолка,Потолок,шт,Регион,950.0,https://printsipremonta.ru/prais-list/
Штукатурка стен,Стены,м2,Москва,360.0,https://titanremont.ru/price
Штукатурка стен,Стены,м2,Москва,240.0,https://titanremont.ru/price
Штукатурка стен,Стены,м2,Москва,320.0,https://titanremont.ru/price
Штукатурка стен,Стены,м2,Регион,550.0,https://remont-nsk54.ru/prajs_list
Штукатурка стен,Стены,м2,Регион,300.0,https://nsk.365rem.ru/ceni-na-otdelochnie-raboti.asp
Штукатурка стен,Стены,м2,Регион,495.0,https://nsk.365rem.ru/ceni-na-otdelochnie-raboti.asp
Штукатурка стен,Стены,м2,Регион,550.0,https://remo154.ru/price_otdelka.php
Штукатурка стен,Стены,м2,Регион,700.0,https://remo154.ru/price_otdelka.php
Штукатурка стен,Стены,м2,Регион,400.0,https://remo154.ru/price_otdelka.php
Штукатурка стен,Стены,м2,Регион,700.0,https://remo154.ru/price_otdelka.php
Штукатурка стен,Стены,шт,Регион,400.0,https://mastercity54.ru/prices/
Штукатурка стен,Стены,,Регион,100.0,https://mastercity54.ru/prices/
Штукатурка стен,Стены,шт,Регион,650.0,https://printsipremonta.ru/prais-list/
Штукатурка стен,Стены,шт,Регион,850.0,https://printsipremonta.ru/prais-list/
Электрощит,Электрика,компл,Москва,15000.0,https://stroyremdizayn.ru/cena-remonta-i-otdelki-kvartir-pod-klyuch/
Электрощит,Электрика,шт,Регион,2500.0,https://remo154.ru/price_otdelka.php
Электрощит,Электрика,шт,Регион,500.0,https://remo154.ru/price_otdelka.php
Электрощит,Электрика,,Регион,150.0,https://mastercity54.ru/prices/
Электрощит,Электрика,,Регион,150.0,https://mastercity54.ru/prices/
Электрощит,Электрика,шт,Регион,8500.0,https://printsipremonta.ru/prais-list/
Электрощит,Электрика,шт,Регион,16500.0,https://printsipremonta.ru/prais-list/
Электрощит,Электрика,шт,Регион,5000.0,https://printsipremonta.ru/prais-list/
